area_type,dun,max_elevation,watercover,state,parlimen,population_total,sex_male,sex_female,housing_total,household_total
sla,N.01 Titi Tinggi,549.0,0.0055055182037295,Perlis,P.001 Padang Besar,18696,9865,8831,5325,4723
sla,N.02 Beseri,746.0,0.7184271183330849,Perlis,P.001 Padang Besar,18129,9100,9029,5093,4988
sla,N.03 Chuping,343.0,0.0106626978868286,Perlis,P.001 Padang Besar,24239,12615,11624,5991,6288
sla,N.04 Mata Ayer,153.0,0.0336529279193246,Perlis,P.001 Padang Besar,11883,6024,5859,2939,3274
sla,N.05 Santan,236.0,0.0262374821173104,Perlis,P.001 Padang Besar,13851,6883,6968,3678,4114
sla,N.06 Bintong,493.0,0.0268440790925029,Perlis,P.002 Kangar,28003,13809,14194,7229,7380
sla,N.07 Sena,34.0,0.2205392055978596,Perlis,P.002 Kangar,20321,10012,10309,6498,5773
sla,N.08 Indera Kayangan,99.0,0.0161749482401656,Perlis,P.002 Kangar,16419,8082,8337,5196,4806
sla,N.09 Kuala Perlis,321.0,0.5012019230769231,Perlis,P.002 Kangar,19880,9999,9881,5483,5594
sla,N.10 Kayang,198.0,0.1290945632030903,Perlis,P.002 Kangar,16132,7973,8159,4205,4443
sla,N.11 Pauh,216.0,0.013172566569037,Perlis,P.003 Arau,39618,19378,20240,7098,13970
sla,N.12 Tambun Tulang,34.0,0.5918988770720693,Perlis,P.003 Arau,20600,10208,10392,4915,5616
sla,N.13 Guar Sanji,32.0,0.577683615819209,Perlis,P.003 Arau,12171,6048,6123,3364,3202
sla,N.14 Simpang Empat,17.0,0.9256039043595948,Perlis,P.003 Arau,14694,7230,7464,3499,3904
sla,N.15 Sanglang,21.0,0.7949487422207004,Perlis,P.003 Arau,10249,5119,5130,2591,2775
sla,N.01 Ayer Hangat,871.0,0.1549634440202843,Kedah,P.004 Langkawi,44555,23295,21260,14652,11819
sla,N.02 Kuah,478.0,0.2527294675191129,Kedah,P.004 Langkawi,49583,25399,24184,18373,14164
sla,N.03 Kota Siputeh,304.0,0.4675685156095105,Kedah,P.005 Jerlun,32057,15875,16182,9229,8155
sla,N.04 Ayer Hitam,201.0,0.6262760578987464,Kedah,P.005 Jerlun,34029,16902,17127,10802,8437
sla,N.05 Bukit Kayu Hitam,762.0,0.0259270179015522,Kedah,P.006 Kubang Pasu,76577,36932,39645,21968,18278
sla,N.06 Jitra,515.0,0.1009170694089656,Kedah,P.006 Kubang Pasu,94798,47464,47334,30367,23746
sla,N.07 Kuala Nerang,777.0,0.1490262266267463,Kedah,P.007 Padang Terap,34425,17757,16668,10550,8605
sla,N.08 Pedu,601.0,0.7279150376714948,Kedah,P.007 Padang Terap,31561,16605,14956,8569,7450
sla,N.09 Bukit Lada,288.0,0.0935880568160459,Kedah,P.008 Pokok Sena,47584,26189,21395,14524,11504
sla,N.10 Bukit Pinang,138.0,0.1751804160181123,Kedah,P.008 Pokok Sena,41388,20264,21124,13364,11738
sla,N.11 Derga,28.0,0.1056841076988827,Kedah,P.008 Pokok Sena,44085,21911,22174,13485,11560
sla,N.12 Suka Menanti,38.0,0.2323923848823033,Kedah,P.009 Alor Setar,56156,27592,28564,14935,13811
sla,N.13 Kota Darul Aman,48.0,0.2648181409968567,Kedah,P.009 Alor Setar,14528,7209,7319,6073,4210
sla,N.14 Alor Mengkudu,24.0,0.1526073400268886,Kedah,P.009 Alor Setar,48326,24062,24264,14085,12119
sla,N.15 Anak Bukit,213.0,0.2880086465167431,Kedah,P.010 Kuala Kedah,44466,22829,21637,12009,11444
sla,N.16 Kubang Rotan,33.0,1.3321438273281805,Kedah,P.010 Kuala Kedah,63237,31799,31438,18724,16071
sla,N.17 Pengkalan Kundor,18.0,0.5906608667413022,Kedah,P.010 Kuala Kedah,64396,31632,32764,18066,15660
sla,N.18 Tokai,158.0,0.1366234871981998,Kedah,P.011 Pendang,43566,21873,21693,13630,10998
sla,N.19 Sungai Tiang,864.0,0.0185936373273385,Kedah,P.011 Pendang,55797,30800,24997,16072,13167
sla,N.20 Sungai Limau,70.0,0.5920401167957344,Kedah,P.012 Jerai,35807,18563,17244,8740,8026
sla,N.21 Guar Chempedak,1186.0,0.3527251166587097,Kedah,P.012 Jerai,37338,18930,18408,9215,8850
sla,N.22 Gurun,1181.0,0.0022250317861683,Kedah,P.012 Jerai,53055,26504,26551,16596,13255
sla,N.23 Belantek,1149.0,0.1047668154506139,Kedah,P.013 Sik,30089,15687,14402,8594,7700
sla,N.24 Jeneri,811.0,0.0457292549064273,Kedah,P.013 Sik,37551,18851,18700,10450,9635
sla,N.25 Bukit Selambau,286.0,0.0511063136521592,Kedah,P.014 Merbok,150632,78179,72453,46717,36106
sla,N.26 Tanjong Dawai,1201.0,0.6189679774656239,Kedah,P.014 Merbok,65725,32547,33178,20174,15998
sla,N.27 Pantai Merdeka,235.0,0.945796794677956,Kedah,P.015 Sungai Petani,61334,31037,30297,17940,15777
sla,N.28 Bakar Arang,78.0,0.2714440569327929,Kedah,P.015 Sungai Petani,91449,48178,43271,24434,21142
sla,N.29 Sidam,140.0,0.1338254450716456,Kedah,P.015 Sungai Petani,122656,63615,59041,40660,29532
sla,N.30 Bayu,1322.0,0.0003569475881957,Kedah,P.016 Baling,43337,21902,21435,13680,11369
sla,N.31 Kupang,1861.0,0.0027560665762332,Kedah,P.016 Baling,47892,24328,23564,13692,11657
sla,N.32 Kuala Ketil,197.0,0.0697886110191642,Kedah,P.016 Baling,51301,26759,24542,14615,14330
sla,N.33 Merbau Pulas,600.0,0.0694257413891133,Kedah,P.017 Padang Serai,102931,52113,50818,28057,23413
sla,N.34 Lunas,98.0,0.0078172980750671,Kedah,P.017 Padang Serai,159006,82292,76714,44462,38914
sla,N.35 Kulim,1874.0,0.0043678953310025,Kedah,P.018 Kulim-Bandar Baharu,75798,38672,37126,20888,18476
sla,N.36 Bandar Baharu,484.0,0.0226741812573709,Kedah,P.018 Kulim-Bandar Baharu,44412,22740,21672,12664,11112
sla,N.01 Pengkalan Kubor,24.0,0.5126040302797719,Kelantan,P.019 Tumpat,42442,21462,20980,8922,7546
sla,N.02 Kelaboran,24.0,0.3986010194122112,Kelantan,P.019 Tumpat,42590,21071,21519,11014,8562
sla,N.03 Pasir Pekan,28.0,1.0117486338797814,Kelantan,P.019 Tumpat,49683,24242,25441,11423,9694
sla,N.04 Wakaf Bharu,29.0,0.1311981234211476,Kelantan,P.019 Tumpat,45229,22418,22811,10754,9016
sla,N.05 Kijang,20.0,1.6842038459097544,Kelantan,P.020 Pengkalan Chepa,34503,17279,17224,7495,7219
sla,N.06 Chempaka,19.0,1.1059074659877066,Kelantan,P.020 Pengkalan Chepa,49231,23772,25459,10116,9398
sla,N.07 Panchor,28.0,0.1811923172861062,Kelantan,P.020 Pengkalan Chepa,75940,39054,36886,16121,15570
sla,N.08 Tanjong Mas,33.0,0.0111008798854102,Kelantan,P.021 Kota Bharu,66760,33271,33489,17447,15344
sla,N.09 Kota Lama,27.0,1.0294922468835512,Kelantan,P.021 Kota Bharu,20376,9685,10691,7050,4469
sla,N.10 Bunut Payong,32.0,0.5030850091407678,Kelantan,P.021 Kota Bharu,43665,20014,23651,10179,9010
sla,N.11 Tendong,34.0,0.2224146398201039,Kelantan,P.022 Pasir Mas,41869,21046,20823,9309,8502
sla,N.12 Pengkalan Pasir,35.0,0.5276284044996076,Kelantan,P.022 Pasir Mas,37373,18822,18551,8414,7263
sla,N.13 Meranti,58.0,0.1143840760085391,Kelantan,P.022 Pasir Mas,34234,17509,16725,7655,6976
sla,N.14 Chetok,242.0,0.4851909046355289,Kelantan,P.023 Rantau Panjang,32989,16436,16553,7834,6334
sla,N.15 Gual Periok,281.0,0.191467005128952,Kelantan,P.023 Rantau Panjang,41770,21260,20510,9901,7813
sla,N.16 Apam Putra,74.0,0.1272759888779262,Kelantan,P.023 Rantau Panjang,42189,21683,20506,11811,8240
sla,N.17 Salor,36.0,0.816496097586189,Kelantan,P.024 Kubang Kerian,43530,22172,21358,9978,8597
sla,N.18 Pasir Tumboh,35.0,0.015475561109242,Kelantan,P.024 Kubang Kerian,59842,30083,29759,13918,12116
sla,N.19 Demit,32.0,0.1379638009049773,Kelantan,P.024 Kubang Kerian,53255,25795,27460,13312,11804
sla,N.20 Tawang,118.0,0.2542339048579593,Kelantan,P.025 Bachok,55758,27424,28334,12862,11151
sla,N.21 Pantai Irama,29.0,0.102917941458514,Kelantan,P.025 Bachok,55583,26926,28657,13347,11144
sla,N.22 Jelawat,205.0,0.0654400452133504,Kelantan,P.025 Bachok,45950,21862,24088,10849,9063
sla,N.23 Melor,78.0,0.0372240326800385,Kelantan,P.026 Ketereh,33538,16635,16903,8764,7232
sla,N.24 Kadok,41.0,0.2284286344259885,Kelantan,P.026 Ketereh,25339,12877,12462,5959,5044
sla,N.25 Kok Lanas,91.0,0.122821041412484,Kelantan,P.026 Ketereh,49571,27075,22496,13020,9632
sla,N.26 Bukit Panau,110.0,0.1945759182127981,Kelantan,P.027 Tanah Merah,68462,34999,33463,15882,13869
sla,N.27 Gual Ipoh,792.0,0.055511845441035,Kelantan,P.027 Tanah Merah,30331,15800,14531,7057,6155
sla,N.28 Kemahang,246.0,0.008744804655029,Kelantan,P.027 Tanah Merah,27677,14329,13348,6239,5292
sla,N.29 Selising,505.0,0.0223586462318871,Kelantan,P.028 Pasir Puteh,35575,17450,18125,9103,7028
sla,N.30 Limbongan,522.0,0.0262651288146374,Kelantan,P.028 Pasir Puteh,43164,21347,21817,10671,8362
sla,N.31 Semerak,87.0,0.4365115498897728,Kelantan,P.028 Pasir Puteh,33188,16693,16495,7895,6354
sla,N.32 Gaal,580.0,0.0067311539457271,Kelantan,P.028 Pasir Puteh,23896,11787,12109,5663,4636
sla,N.33 Pulai Chondong,579.0,0.147836662449846,Kelantan,P.029 Machang,33394,16761,16633,8342,6592
sla,N.34 Temangan,422.0,0.3061891608936805,Kelantan,P.029 Machang,29773,15640,14133,6528,5774
sla,N.35 Kemuning,687.0,0.0001836850902812,Kelantan,P.029 Machang,47378,22541,24837,11202,9703
sla,N.36 Bukit Bunga,880.0,0.0041841928853987,Kelantan,P.030 Jeli,23828,12120,11708,5401,4718
sla,N.37 Air Lanas,1055.0,0.0011130180631786,Kelantan,P.030 Jeli,37440,18482,18958,7296,7613
sla,N.38 Kuala Balah,1905.0,0.0427384607551944,Kelantan,P.030 Jeli,17684,9124,8560,4272,4107
sla,N.39 Mengkebang,1254.0,0.039022656621641,Kelantan,P.031 Kuala Krai,30952,15566,15386,8562,7291
sla,N.40 Guchil,611.0,0.2282769401228665,Kelantan,P.031 Kuala Krai,30523,15187,15336,9098,7391
sla,N.41 Manek Urai,1345.0,0.0172249783447515,Kelantan,P.031 Kuala Krai,26121,13246,12875,6412,5399
sla,N.42 Dabong,1888.0,0.0419335211870293,Kelantan,P.031 Kuala Krai,17411,8864,8547,4910,3781
sla,N.43 Nenggiri,2230.0,0.0130090765180641,Kelantan,P.032 Gua Musang,32240,17206,15034,6695,5991
sla,N.30 Paloh,503.0,0.0320283016913906,Johor,P.153 Sembrong,32407,20261,12146,8629,8111
sla,N.44 Paloh,2200.0,0.0025793042343808,Kelantan,P.032 Gua Musang,30025,16681,13344,7081,5728
sla,N.45 Galas,2258.0,0.001540505425653,Kelantan,P.032 Gua Musang,50230,26367,23863,14591,10728
sla,N.01 Kuala Besut,353.0,0.4310895243307338,Terengganu,P.033 Besut,31190,16127,15063,8361,7174
sla,N.02 Kota Putera,139.0,0.2780374734402163,Terengganu,P.033 Besut,42507,21619,20888,11382,10155
sla,N.03 Jertih,679.0,0.0856881260996014,Terengganu,P.033 Besut,30749,15562,15187,8718,7387
sla,N.04 Hulu Besut,1494.0,0.1739504392135535,Terengganu,P.033 Besut,23379,11759,11620,6289,5489
sla,N.05 Jabi,1042.0,0.0597524360933432,Terengganu,P.034 Setiu,26343,13355,12988,6590,6140
sla,N.06 Permaisuri,1133.0,0.162570700274596,Terengganu,P.034 Setiu,37018,18710,18308,9276,8387
sla,N.07 Langkap,1219.0,0.007615319239094,Terengganu,P.034 Setiu,22633,11635,10998,6279,5376
sla,N.08 Batu Rakit,376.0,0.2504285350606737,Terengganu,P.034 Setiu,36396,18484,17912,10240,8454
sla,N.09 Tepuh,350.0,0.0343498784344799,Terengganu,P.035 Kuala Nerus,48746,24011,24735,12250,12628
sla,N.10 Buluh Gading,170.0,0.1360963560452051,Terengganu,P.035 Kuala Nerus,30891,15709,15182,8176,7172
sla,N.11 Seberang Takir,28.0,0.4669259428720831,Terengganu,P.035 Kuala Nerus,42502,20820,21682,11497,10152
sla,N.12 Bukit Tunggal,67.0,1.742238946378175,Terengganu,P.035 Kuala Nerus,22081,11289,10792,6100,5161
sla,N.13 Wakaf Mempelam,42.0,0.8402917895390346,Terengganu,P.036 Kuala Terengganu,38706,19269,19437,10221,9265
sla,N.14 Bandar,48.0,1.375036158518947,Terengganu,P.036 Kuala Terengganu,16383,8400,7983,5327,4863
sla,N.15 Ladang,167.0,0.0271472671145814,Terengganu,P.036 Kuala Terengganu,26323,13017,13306,8015,9794
sla,N.16 Batu Buruk,165.0,0.3103436725396932,Terengganu,P.036 Kuala Terengganu,47619,23946,23673,14072,12387
sla,N.17 Alur Limbat,51.0,0.3098059767267356,Terengganu,P.037 Marang,44464,22533,21931,11867,10086
sla,N.18 Bukit Payung,162.0,0.0119503994174715,Terengganu,P.037 Marang,36571,18390,18181,9869,8708
sla,N.19 Ru Rendang,240.0,0.3302339302044308,Terengganu,P.037 Marang,39800,20158,19642,11349,9391
sla,N.20 Pengkalan Berangan,392.0,0.0439677682449562,Terengganu,P.037 Marang,41477,21538,19939,12261,10114
sla,N.21 Telemung,1553.0,1.388942721562772,Terengganu,P.038 Hulu Terengganu,20491,10751,9740,6052,5052
sla,N.22 Manir,33.0,0.6418715534471549,Terengganu,P.038 Hulu Terengganu,20071,10207,9864,5334,4656
sla,N.23 Kuala Berang,161.0,0.3710608841976441,Terengganu,P.038 Hulu Terengganu,25716,13731,11985,7853,6169
sla,N.24 Ajil,1333.0,0.0045930437911937,Terengganu,P.038 Hulu Terengganu,25577,13598,11979,7544,6122
sla,N.25 Bukit Besi,1572.0,0.0251978730272996,Terengganu,P.039 Dungun,20958,11147,9811,5952,5569
sla,N.26 Rantau Abang,268.0,0.2357231157057847,Terengganu,P.039 Dungun,42521,21750,20771,11568,10392
sla,N.27 Sura,292.0,0.8261944337893705,Terengganu,P.039 Dungun,34961,16855,18106,9395,9888
sla,N.28 Paka,467.0,0.0938397652741181,Terengganu,P.039 Dungun,57785,30486,27299,14879,13310
sla,N.29 Kemasik,631.0,0.0432327660914503,Terengganu,P.040 Kemaman,38014,19244,18770,10738,9644
sla,N.30 Kijal,590.0,0.0671585512220213,Terengganu,P.040 Kemaman,51994,28135,23859,13673,12760
sla,N.31 Cukai,205.0,0.6489356636030287,Terengganu,P.040 Kemaman,50186,25897,24289,13403,12083
sla,N.23 Air Putih,841.0,0.0283808562089766,Pulau Pinang,P.048 Bukit Bendera,14744,7410,7334,5108,4473
sla,N.32 Air Putih,1376.0,0.0197435729057518,Terengganu,P.040 Kemaman,75388,39733,35655,19919,18445
sla,N.01 Penaga,31.0,0.6325833826721926,Pulau Pinang,P.041 Kepala Batas,28207,14243,13964,7897,6976
sla,N.02 Bertam,22.0,0.1042607624522282,Pulau Pinang,P.041 Kepala Batas,25194,13491,11703,7555,6589
sla,N.03 Pinang Tunggal,31.0,0.2049690077352594,Pulau Pinang,P.041 Kepala Batas,63642,32623,31019,17991,15865
sla,N.04 Permatang Berangan,79.0,0.028358229353159,Pulau Pinang,P.042 Tasek Gelugor,39561,20395,19166,10414,9056
sla,N.05 Sungai Dua,27.0,0.0699509305894814,Pulau Pinang,P.042 Tasek Gelugor,37508,18924,18584,10691,9493
sla,N.06 Telok Ayer Tawar,26.0,0.8970226482314022,Pulau Pinang,P.042 Tasek Gelugor,29830,15212,14618,9260,8208
sla,N.07 Sungai Puyu,33.0,0.3591091865140736,Pulau Pinang,P.043 Bagan,49443,25144,24299,14961,13205
sla,N.08 Bagan Jermal,36.0,0.5356712622138937,Pulau Pinang,P.043 Bagan,34358,16359,17999,11706,9081
sla,N.09 Bagan Dalam,29.0,1.225651883218186,Pulau Pinang,P.043 Bagan,28911,14890,14021,9599,7889
sla,N.10 Seberang Jaya,38.0,0.123439958049292,Pulau Pinang,P.044 Permatang Pauh,93836,49543,44293,26368,24749
sla,N.11 Permatang Pasir,77.0,0.0755897545130198,Pulau Pinang,P.044 Permatang Pauh,34309,17328,16981,10184,8581
sla,N.12 Penanti,185.0,0.5866913973376229,Pulau Pinang,P.044 Permatang Pauh,31844,15916,15928,9488,7871
sla,N.13 Berapit,141.0,0.0,Pulau Pinang,P.045 Bukit Mertajam,28128,15243,12885,8621,6701
sla,N.14 Machang Bubuk,563.0,0.1518772808808065,Pulau Pinang,P.045 Bukit Mertajam,95164,50463,44701,31348,24544
sla,N.15 Padang Lalang,56.0,0.0541524819887578,Pulau Pinang,P.045 Bukit Mertajam,39655,20063,19592,13806,10608
sla,N.16 Perai,45.0,0.7103399433427762,Pulau Pinang,P.046 Batu Kawan,26435,14562,11873,8049,6659
sla,N.17 Bukit Tengah,214.0,0.2790245053227566,Pulau Pinang,P.046 Batu Kawan,76060,42755,33305,20452,17226
sla,N.18 Bukit Tambun,252.0,0.2526234603968495,Pulau Pinang,P.046 Batu Kawan,61973,28905,33068,19224,16441
sla,N.19 Jawi,75.0,0.2975456313894292,Pulau Pinang,P.047 Nibong Tebal,37397,19631,17766,14165,11832
sla,N.20 Sungai Bakap,424.0,0.0138527026531136,Pulau Pinang,P.047 Nibong Tebal,56802,29941,26861,21055,17160
sla,N.21 Sungai Acheh,23.0,0.4023562503821773,Pulau Pinang,P.047 Nibong Tebal,27835,14288,13547,8799,9215
sla,N.22 Tanjong Bunga,607.0,0.0268932787084736,Pulau Pinang,P.048 Bukit Bendera,47717,23978,23739,25710,17250
sla,N.24 Kebun Bunga,566.0,0.0049781778505182,Pulau Pinang,P.048 Bukit Bendera,28278,13849,14429,14583,10571
sla,N.25 Pulau Tikus,93.0,0.0022914139371883,Pulau Pinang,P.048 Bukit Bendera,33088,16466,16622,10921,11356
sla,N.26 Padang Kota,43.0,0.0724386724386724,Pulau Pinang,P.049 Tanjong,5900,3611,2289,2877,1831
sla,N.27 Pengkalan Kota,48.0,0.0694288913773796,Pulau Pinang,P.049 Tanjong,21083,11995,9088,7246,6210
sla,N.28 Komtar,52.0,0.018913676042677,Pulau Pinang,P.049 Tanjong,7826,5057,2769,4556,2319
sla,N.29 Datok Keramat,37.0,0.0,Pulau Pinang,P.050 Jelutong,23329,11850,11479,8661,7712
sla,N.30 Sungai Pinang,49.0,0.8734099302421009,Pulau Pinang,P.050 Jelutong,55462,27171,28291,18355,15544
sla,N.31 Batu Lancang,52.0,0.0,Pulau Pinang,P.050 Jelutong,34934,17528,17406,12616,11275
sla,N.32 Seri Delima,229.0,0.0695149464184997,Pulau Pinang,P.051 Bukit Gelugor,38045,19538,18507,14518,12810
sla,N.33 Air Itam,140.0,0.0,Pulau Pinang,P.051 Bukit Gelugor,27678,14176,13502,8594,7954
sla,N.34 Paya Terubong,594.0,0.0157758040209061,Pulau Pinang,P.051 Bukit Gelugor,135282,68464,66818,43354,39261
sla,N.35 Batu Uban,164.0,0.266916354556804,Pulau Pinang,P.052 Bayan Baru,83879,40558,43321,27695,28118
sla,N.36 Pantai Jerejak,35.0,0.4002861620222116,Pulau Pinang,P.052 Bayan Baru,41556,22485,19071,15584,12902
sla,N.37 Batu Maung,290.0,0.1143435831338611,Pulau Pinang,P.052 Bayan Baru,63168,30941,32227,21807,18265
sla,N.38 Bayan Lepas,477.0,0.0193207363752354,Pulau Pinang,P.053 Balik Pulau,85321,43530,41791,36916,26777
sla,N.39 Pulau Betong,721.0,0.0152709273138965,Pulau Pinang,P.053 Balik Pulau,27310,13985,13325,9702,7474
sla,N.40 Telok Bahang,758.0,0.1656471854130361,Pulau Pinang,P.053 Balik Pulau,19713,10043,9670,6572,5296
sla,N.01 Pengkalan Hulu,1290.0,0.0126206123994957,Perak,P.054 Gerik,22877,12122,10755,7636,5857
sla,N.02 Temengor,2277.0,0.4035896980250935,Perak,P.054 Gerik,33933,17645,16288,10453,8633
sla,N.03 Kenering,1914.0,0.2059400182769793,Perak,P.055 Lenggong,22686,11923,10763,6924,5754
sla,N.04 Kota Tampan,1373.0,0.2509394149612672,Perak,P.055 Lenggong,14742,7283,7459,5052,4220
sla,N.05 Selama,1855.0,0.0012465389595834,Perak,P.056 Larut,22166,11219,10947,7332,6114
sla,N.06 Kubu Gajah,1590.0,0.0014191723667582,Perak,P.056 Larut,18949,9758,9191,6452,5113
sla,N.07 Batu Kurau,1418.0,8.227228207639569e-05,Perak,P.056 Larut,24905,12700,12205,8540,6579
sla,N.08 Titi Serong,18.0,0.4147640708061599,Perak,P.057 Parit Buntar,42654,21825,20829,12190,10462
sla,N.09 Kuala Kurau,15.0,1.0054643698708052,Perak,P.057 Parit Buntar,30712,15978,14734,8290,7193
sla,N.10 Alor Pongsu,59.0,0.2086423046145638,Perak,P.058 Bagan Serai,33625,17428,16197,11432,8409
sla,N.11 Gunong Semanggol,379.0,0.7133900323870994,Perak,P.058 Bagan Serai,30451,15473,14978,9439,7227
sla,N.12 Selinsing,107.0,0.6260321688955425,Perak,P.058 Bagan Serai,28910,14976,13934,8548,6960
sla,N.13 Kuala Sepetang,185.0,0.4931967058776894,Perak,P.059 Bukit Gantang,46387,24528,21859,13359,11558
sla,N.14 Changkat Jering,1032.0,0.0032125229987441,Perak,P.059 Bukit Gantang,44895,22801,22094,14184,12067
sla,N.15 Trong,1646.0,0.5713723606182431,Perak,P.059 Bukit Gantang,16531,8915,7616,5519,4364
sla,N.16 Kamunting,1393.0,0.0007700806910637,Perak,P.060 Taiping,40215,20652,19563,13836,10987
sla,N.17 Pokok Assam,1303.0,0.0434856568468259,Perak,P.060 Taiping,36444,19053,17391,11617,9625
sla,N.18 Aulong,206.0,0.0461770840825721,Perak,P.060 Taiping,54053,27842,26211,16826,14206
sla,N.19 Chenderoh,1484.0,0.29031450675971,Perak,P.061 Padang Rengas,16881,8548,8333,6200,4510
sla,N.20 Lubok Merbau,1677.0,0.0032156799613635,Perak,P.061 Padang Rengas,21413,10694,10719,7461,5818
sla,N.21 Lintang,2135.0,0.0313256911119988,Perak,P.062 Sungai Siput,38703,20227,18476,11189,10918
sla,N.22 Jalong,2235.0,0.0055716015437782,Perak,P.062 Sungai Siput,48112,24464,23648,13860,13764
sla,N.23 Manjoi,1097.0,0.028966715591741,Perak,P.063 Tambun,145492,74703,70789,46736,39646
sla,N.24 Hulu Kinta,2227.0,0.0559404092745476,Perak,P.063 Tambun,113674,59286,54388,35087,30492
sla,N.25 Canning,164.0,0.0003336113427856,Perak,P.064 Ipoh Timor,46935,24661,22274,17036,14449
sla,N.26 Tebing Tinggi,90.0,0.5081236414545187,Perak,P.064 Ipoh Timor,55108,28486,26622,18213,15257
sla,N.27 Pasir Pinji,95.0,0.0130434782608695,Perak,P.064 Ipoh Timor,32657,16733,15924,11187,9557
sla,N.28 Bercham,189.0,0.0054644808743169,Perak,P.065 Ipoh Barat,70269,36602,33667,22336,19390
sla,N.29 Kepayang,237.0,0.0277856858167739,Perak,P.065 Ipoh Barat,23188,11775,11413,8315,6623
sla,N.30 Buntong,119.0,0.0008380824673147,Perak,P.065 Ipoh Barat,41521,21432,20089,12703,11179
sla,N.31 Jelapang,848.0,0.0934653188428959,Perak,P.066 Batu Gajah,45509,23706,21803,14359,12569
sla,N.32 Menglembu,176.0,0.3887630435589884,Perak,P.066 Batu Gajah,45529,24599,20930,13822,13198
sla,N.33 Tronoh,541.0,0.4108773944360352,Perak,P.066 Batu Gajah,46189,24452,21737,16749,12455
sla,N.34 Bukit Chandan,932.0,0.1081963047750954,Perak,P.067 Kuala Kangsar,26693,13189,13504,7789,7347
sla,N.35 Manong,1671.0,0.0892395129635294,Perak,P.067 Kuala Kangsar,25096,12649,12447,8960,7044
sla,N.36 Pengkalan Baharu,650.0,0.0233293799854823,Perak,P.068 Beruas,22266,12613,9653,7378,5854
sla,N.37 Pantai Remis,491.0,0.2026689148374015,Perak,P.068 Beruas,47154,24807,22347,16126,12404
sla,N.38 Astaka,33.0,0.0001230226669263,Perak,P.068 Beruas,50336,26356,23980,19246,13257
sla,N.39 Belanja,623.0,0.1920890881865596,Perak,P.069 Parit,11330,5861,5469,5284,3528
sla,N.40 Bota,172.0,0.1929511418653898,Perak,P.069 Parit,49658,25557,24101,17430,16433
sla,N.41 Malim Nawar,132.0,1.2501824906321477,Perak,P.070 Kampar,29769,15666,14103,15514,9380
sla,N.42 Keranji,1259.0,0.2569664277095606,Perak,P.070 Kampar,37824,19329,18495,13912,10541
sla,N.43 Tualang Sekah,1449.0,0.3024608598816516,Perak,P.070 Kampar,36959,18741,18218,11624,10094
sla,N.44 Sungai Rapat,109.0,0.428142967915612,Perak,P.071 Gopeng,76028,39059,36969,24886,20290
sla,N.45 Simpang Pulai,1596.0,0.0283626848367477,Perak,P.071 Gopeng,98997,51100,47897,30563,27255
sla,N.46 Teja,2128.0,0.0691422354557947,Perak,P.071 Gopeng,41211,20696,20515,12772,10921
sla,N.47 Chenderiang,2157.0,0.0425208185892107,Perak,P.072 Tapah,34641,18464,16177,11273,9160
sla,N.48 Ayer Kuning,206.0,0.2498980849506635,Perak,P.072 Tapah,44452,24124,20328,13670,12215
sla,N.49 Sungai Manik,47.0,0.0133173325332933,Perak,P.073 Pasir Salak,39299,21215,18084,11582,9147
sla,N.50 Kampong Gajah,189.0,0.3877252930707003,Perak,P.073 Pasir Salak,41186,21592,19594,18442,10809
sla,N.51 Pasir Panjang,98.0,0.7823788362871921,Perak,P.074 Lumut,95064,51276,43788,30810,23179
sla,N.52 Pangkor,375.0,1.2558684708351926,Perak,P.074 Lumut,29256,16475,12781,11490,7367
sla,N.53 Rungkup,25.0,2.191985882407666,Perak,P.075 Bagan Datuk,20419,10974,9445,5573,5954
sla,N.54 Hutan Melintang,20.0,0.4123873575404188,Perak,P.075 Bagan Datuk,56076,30410,25666,12932,15511
sla,N.55 Pasir Bedamar,32.0,2.110459740719611,Perak,P.076 Teluk Intan,37982,19819,18163,12177,9262
sla,N.56 Changkat Jong,141.0,0.0696234138268953,Perak,P.076 Teluk Intan,65083,36049,29034,19973,16873
sla,N.57 Sungkai,2145.0,0.0909074370542861,Perak,P.077 Tanjong Malim,25294,13942,11352,8548,6980
sla,N.58 Slim,436.0,0.0100752099504376,Perak,P.077 Tanjong Malim,28464,15508,12956,9194,8288
sla,N.59 Behrang,2155.0,0.0056052197072753,Perak,P.077 Tanjong Malim,69189,32278,36911,18293,18609
sla,N.01 Tanah Rata,2336.0,0.0121085129823289,Pahang,P.078 Cameron Highlands,39004,22225,16779,15980,9798
sla,N.02 Jelai,2129.0,0.0048179510438683,Pahang,P.078 Cameron Highlands,28997,14883,14114,6113,5814
sla,N.03 Padang Tengku,1985.0,0.0063143902795254,Pahang,P.079 Lipis,27339,15031,12308,7065,6386
sla,N.04 Cheka,615.0,0.1065477358945263,Pahang,P.079 Lipis,24334,12603,11731,6156,5423
sla,N.05 Benta,965.0,0.000547925355359,Pahang,P.079 Lipis,16180,8774,7406,3985,3447
sla,N.06 Batu Talam,2025.0,0.0011406533922526,Pahang,P.080 Raub,22505,12373,10132,5466,4876
sla,N.07 Tras,1952.0,0.0009876471748045,Pahang,P.080 Raub,50542,26018,24524,13069,12212
sla,N.08 Dong,2173.0,0.1888590554342286,Pahang,P.080 Raub,22862,12406,10456,6695,5773
sla,N.09 Tahan,2231.0,0.0368161521368513,Pahang,P.081 Jerantut,26677,14103,12574,7401,6010
sla,N.10 Damak,1980.0,0.031545038662973,Pahang,P.081 Jerantut,46986,24546,22440,12964,11036
sla,N.11 Pulau Tawar,769.0,0.0472401898453192,Pahang,P.081 Jerantut,31108,16963,14145,8414,7119
sla,N.12 Beserah,378.0,0.149375239018879,Pahang,P.082 Indera Mahkota,117700,62637,55063,32628,29775
sla,N.13 Semambu,386.0,0.1613441136439433,Pahang,P.082 Indera Mahkota,131246,67411,63835,34356,34243
sla,N.14 Teruntum,126.0,0.3817713365539452,Pahang,P.083 Kuantan,28598,14661,13937,8828,8931
sla,N.15 Tanjung Lumpur,27.0,0.6758510988408235,Pahang,P.083 Kuantan,69465,35410,34055,18902,18239
sla,N.16 Inderapura,27.0,0.1634547346514047,Pahang,P.083 Kuantan,30184,16166,14018,8812,7027
sla,N.17 Sungai Lembing,1501.0,0.188855637575462,Pahang,P.084 Paya Besar,18939,9937,9002,5249,4871
sla,N.18 Lepar,1080.0,0.0226762409441938,Pahang,P.084 Paya Besar,48723,24950,23773,13554,15766
sla,N.19 Panching,313.0,0.0964724015718043,Pahang,P.084 Paya Besar,60379,30719,29660,18664,15628
sla,N.20 Pulau Manis,513.0,0.1948328025019387,Pahang,P.085 Pekan,50725,27884,22841,16328,13071
sla,N.21 Peramu Jaya,44.0,0.9084721403052058,Pahang,P.085 Pekan,59685,31790,27895,15048,15918
sla,N.22 Bebar,369.0,0.094068835669459,Pahang,P.085 Pekan,29468,16632,12836,7757,7766
sla,N.23 Chini,656.0,0.225359949468944,Pahang,P.085 Pekan,21228,10920,10308,6873,5786
sla,N.24 Luit,932.0,0.1102646346442344,Pahang,P.086 Maran,21994,12435,9559,5962,5018
sla,N.25 Kuala Sentul,1071.0,0.0003760098737407,Pahang,P.086 Maran,18846,10008,8838,4998,4133
sla,N.26 Chenor,554.0,0.2234315213736913,Pahang,P.086 Maran,21092,11131,9961,6132,5117
sla,N.27 Jenderak,2148.0,0.0359988503509211,Pahang,P.087 Kuala Krau,14815,7754,7061,4548,3651
sla,N.28 Kerdau,508.0,0.2278871786052111,Pahang,P.087 Kuala Krau,12980,6732,6248,4228,3303
sla,N.29 Jengka,271.0,0.0005014628164022,Pahang,P.087 Kuala Krau,40252,19945,20307,10146,8685
sla,N.30 Mentakab,141.0,0.0129610987272596,Pahang,P.088 Temerloh,52018,26657,25361,15750,12897
sla,N.31 Lanchang,1494.0,0.0292469213128179,Pahang,P.088 Temerloh,38473,20286,18187,11935,9514
sla,N.32 Kuala Semantan,148.0,0.2762439455771274,Pahang,P.088 Temerloh,51290,26176,25114,15676,13022
sla,N.33 Bilut,1755.0,0.0050188384566715,Pahang,P.089 Bentong,29948,16180,13768,8325,7328
sla,N.34 Ketari,1838.0,0.0043931075296221,Pahang,P.089 Bentong,51879,30883,20996,20668,13604
sla,N.35 Sabai,1357.0,0.0063297347619038,Pahang,P.089 Bentong,21543,11854,9689,5954,5456
sla,N.36 Pelangai,1485.0,0.0039070128572798,Pahang,P.089 Bentong,14431,7765,6666,4772,4064
sla,N.37 Guai,512.0,0.2564175411592931,Pahang,P.090 Bera,24109,12234,11875,6727,5818
sla,N.38 Triang,651.0,0.0038686638230334,Pahang,P.090 Bera,42362,21999,20363,10808,9967
sla,N.39 Kemayan,584.0,0.0047768094700427,Pahang,P.090 Bera,31492,18110,13382,8084,7553
sla,N.40 Bukit Ibam,598.0,0.0044329056360957,Pahang,P.091 Rompin,30056,16288,13768,10316,8925
sla,N.41 Muadzam Shah,989.0,0.0531804376536354,Pahang,P.091 Rompin,34685,18711,15974,11162,9194
sla,N.42 Tioman,1033.0,0.2121234557610318,Pahang,P.091 Rompin,36156,19961,16195,12474,9370
sla,N.01 Sungai Air Tawar,18.0,0.7454957261106583,Selangor,P.092 Sabak Bernam,18343,9382,8961,6058,4747
sla,N.02 Sabak,23.0,0.0958930286341453,Selangor,P.092 Sabak Bernam,29761,15236,14525,9846,8196
sla,N.03 Sungai Panjang,61.0,0.030620217156136,Selangor,P.093 Sungai Besar,38835,20017,18818,11985,10224
sla,N.04 Sekinchan,40.0,0.0682733690134264,Selangor,P.093 Sungai Besar,20120,11173,8947,5861,5233
sla,N.05 Hulu Bernam,1845.0,0.0186241013265485,Selangor,P.094 Hulu Selangor,35118,18330,16788,10814,9063
sla,N.06 Kuala Kubu Baharu,1713.0,0.2021719243000367,Selangor,P.094 Hulu Selangor,47412,24842,22570,13878,11103
sla,N.07 Batang Kali,1779.0,0.0375000372452795,Selangor,P.094 Hulu Selangor,157448,84231,73217,64690,40010
sla,N.08 Sungai Burong,41.0,0.0739315728341076,Selangor,P.095 Tanjong Karang,25722,12911,12811,8538,6877
sla,N.09 Permatang,216.0,0.1895784639357034,Selangor,P.095 Tanjong Karang,34140,17161,16979,10043,9525
sla,N.10 Bukit Melawati,64.0,0.1523100572880367,Selangor,P.096 Kuala Selangor,45797,23067,22730,13813,11039
sla,N.11 Ijok,120.0,0.1483979057591623,Selangor,P.096 Kuala Selangor,38457,20926,17531,9941,8869
sla,N.12 Jeram,214.0,0.0293360899482223,Selangor,P.096 Kuala Selangor,87012,45647,41365,31088,22211
sla,N.13 Kuang,596.0,0.0632737815389437,Selangor,P.097 Selayang,102528,53694,48834,30392,23590
sla,N.14 Rawang,192.0,0.0929469510291646,Selangor,P.097 Selayang,146997,78215,68782,43950,35022
sla,N.15 Taman Templer,748.0,0.0061977235491937,Selangor,P.097 Selayang,113764,59137,54627,31496,27463
sla,N.16 Sungai Tua,1456.0,0.352529144559477,Selangor,P.098 Gombak,72096,38362,33734,19417,17312
sla,N.17 Gombak Setia,1468.0,0.0143711110981764,Selangor,P.098 Gombak,176519,91885,84634,39690,41031
sla,N.18 Hulu Kelang,1332.0,0.2416980118216012,Selangor,P.098 Gombak,100592,51003,49589,26213,23845
sla,N.19 Bukit Antarabangsa,373.0,0.0011315264831079,Selangor,P.099 Ampang,123476,64409,59067,36601,32613
sla,N.20 Lembah Jaya,712.0,0.0337013604598271,Selangor,P.099 Ampang,80993,42170,38823,26125,23474
sla,N.21 Pandan Indah,164.0,0.0001068490223314,Selangor,P.100 Pandan,102165,55334,46831,35039,32557
sla,N.22 Teratai,475.0,0.0389160797421511,Selangor,P.100 Pandan,125248,67192,58056,41174,37242
sla,N.23 Dusun Tua,1505.0,0.0697842567499612,Selangor,P.101 Hulu Langat,113142,59931,53211,38381,33340
sla,N.24 Semenyih,1097.0,0.1209122006841505,Selangor,P.101 Hulu Langat,234427,122214,112213,72017,61847
sla,N.25 Kajang,488.0,0.0247885315709358,Selangor,P.102 Bangi,236240,125689,110551,69659,61178
sla,N.26 Sungai Ramal,174.0,0.0169116717914156,Selangor,P.102 Bangi,278264,144841,133423,74046,71968
sla,N.27 Balakong,230.0,0.0184213157368526,Selangor,P.102 Bangi,173105,94577,78528,57782,49325
sla,N.28 Seri Kembangan,209.0,0.5182454433174895,Selangor,P.103 Puchong,130252,71004,59248,37839,33536
sla,N.29 Seri Serdang,228.0,0.2113855000806148,Selangor,P.103 Puchong,244929,127608,117321,70129,64256
sla,N.30 Kinrara,210.0,0.2038139174531624,Selangor,P.104 Subang,270151,143867,126284,82133,70977
sla,N.31 Subang Jaya,88.0,0.1047874329884054,Selangor,P.104 Subang,208003,113822,94181,62544,56122
sla,N.32 Seri Setia,102.0,0.0655000335668091,Selangor,P.105 Petaling Jaya,194993,103671,91322,62039,54403
sla,N.33 Taman Medan,96.0,0.0246268656716417,Selangor,P.105 Petaling Jaya,89877,46899,42978,24067,22492
sla,N.34 Bukit Gasing,174.0,0.0158692280157499,Selangor,P.105 Petaling Jaya,77420,43017,34403,23240,20526
sla,N.35 Kampung Tunku,136.0,0.0117430347685931,Selangor,P.106 Damansara,54891,28035,26856,15417,13955
sla,N.36 Bandar Utama,145.0,0.000542181739319,Selangor,P.106 Damansara,125320,65852,59468,33819,31689
sla,N.37 Bukit Lanjan,597.0,0.0118570798411998,Selangor,P.106 Damansara,288728,149050,139678,87909,76977
sla,N.38 Paya Jaras,350.0,0.0275212937324306,Selangor,P.107 Sungai Buloh,169327,89623,79704,49286,48546
sla,N.39 Kota Damansara,229.0,0.0384173580089342,Selangor,P.107 Sungai Buloh,177765,93832,83933,50834,44038
sla,N.40 Kota Anggerik,237.0,0.0760543687231954,Selangor,P.108 Shah Alam,292653,153855,138798,87526,87947
sla,N.41 Batu Tiga,79.0,0.1676914309708767,Selangor,P.108 Shah Alam,146092,80477,65615,39827,36826
sla,N.42 Meru,151.0,0.0655242031939221,Selangor,P.109 Kapar,115025,65156,49869,30416,26916
sla,N.43 Sementa,119.0,0.3619145221285963,Selangor,P.109 Kapar,116044,62886,53158,30181,28533
sla,N.44 Selat Klang,48.0,1.004940952508502,Selangor,P.109 Kapar,82964,45507,37457,21106,19298
sla,N.45 Bandar Baru Klang,45.0,0.1102201898079995,Selangor,P.110 Klang,112349,60208,52141,30854,27874
sla,N.46 Pelabuhan Klang,41.0,1.6670031545741324,Selangor,P.110 Klang,100544,57006,43538,29716,23411
sla,N.47 Pandamaran,74.0,0.0489627423316089,Selangor,P.110 Klang,84944,44085,40859,22314,20477
sla,N.48 Sentosa,49.0,0.0021886327884549,Selangor,P.111 Kota Raja,185844,99418,86426,51444,46059
sla,N.49 Sungai Kandis,75.0,0.0980316776872212,Selangor,P.111 Kota Raja,152419,80115,72304,44451,36404
sla,N.50 Kota Kemuning,168.0,0.1242198227437273,Selangor,P.111 Kota Raja,184831,99554,85277,52912,46648
sla,N.51 Sijangkang,68.0,0.5709888677480054,Selangor,P.112 Kuala Langat,140329,72907,67422,46091,38134
sla,N.52 Banting,43.0,0.1788137227001074,Selangor,P.112 Kuala Langat,54934,28546,26388,16440,13819
sla,N.53 Morib,245.0,0.2713145321058152,Selangor,P.112 Kuala Langat,51830,26862,24968,15862,13957
sla,N.54 Tanjong Sepat,53.0,0.3053270247703868,Selangor,P.113 Sepang,30530,15588,14942,8960,7694
sla,N.55 Dengkil,299.0,0.3665280277812509,Selangor,P.113 Sepang,285917,155162,130755,112700,87461
sla,N.56 Sungai Pelek,277.0,0.2343554725246408,Selangor,P.113 Sepang,67797,35567,32230,23303,18531
sla,N.01 Chennah,1346.0,0.0298420709102466,Negeri Sembilan,P.126 Jelebu,16361,9220,7141,4519,3684
sla,N.02 Pertang,1126.0,0.0096768868105626,Negeri Sembilan,P.126 Jelebu,11054,6025,5029,3577,2910
sla,N.03 Sungai Lui,834.0,0.0028082492321193,Negeri Sembilan,P.126 Jelebu,18147,9366,8781,5510,4533
sla,N.04 Klawang,1301.0,8.372348477237259e-05,Negeri Sembilan,P.126 Jelebu,18638,9785,8853,5253,4535
sla,N.05 Serting,766.0,0.0015986769570011,Negeri Sembilan,P.127 Jempol,28943,15112,13831,8836,7680
sla,N.06 Palong,164.0,7.796761604531393e-05,Negeri Sembilan,P.127 Jempol,22726,11853,10873,5897,5468
sla,N.07 Jeram Padang,404.0,0.0034070335691107,Negeri Sembilan,P.127 Jempol,24692,13120,11572,6890,5621
sla,N.08 Bahau,378.0,0.0010626992561105,Negeri Sembilan,P.127 Jempol,32018,16012,16006,9643,8773
sla,N.09 Lenggeng,1233.0,0.0983888237248759,Negeri Sembilan,P.128 Seremban,38049,19785,18264,13669,9975
sla,N.10 Nilai,662.0,0.01330858720746,Negeri Sembilan,P.128 Seremban,119613,62633,56980,42340,32084
sla,N.11 Lobak,556.0,0.0135282426107584,Negeri Sembilan,P.128 Seremban,27241,13728,13513,8403,7493
sla,N.12 Temiang,266.0,0.0020177562550443,Negeri Sembilan,P.128 Seremban,17558,9347,8211,4892,4504
sla,N.13 Sikamat,254.0,0.0092691242275729,Negeri Sembilan,P.128 Seremban,44956,22587,22369,13550,12013
sla,N.14 Ampangan,195.0,0.0021088957055214,Negeri Sembilan,P.128 Seremban,25103,12429,12674,7103,6489
sla,N.15 Juasseh,1158.0,0.0007753556198371,Negeri Sembilan,P.129 Kuala Pilah,19717,9658,10059,6399,4705
sla,N.16 Seri Menanti,1173.0,0.1356089708239369,Negeri Sembilan,P.129 Kuala Pilah,8662,4476,4186,3532,2752
sla,N.17 Senaling,324.0,5.627462014631401e-05,Negeri Sembilan,P.129 Kuala Pilah,8024,4221,3803,3099,2350
sla,N.18 Pilah,509.0,1.3843512929841075e-05,Negeri Sembilan,P.129 Kuala Pilah,22181,11378,10803,6932,5697
sla,N.19 Johol,991.0,0.0083289429009635,Negeri Sembilan,P.129 Kuala Pilah,12420,6624,5796,4252,3430
sla,N.20 Labu,621.0,0.0104472530745989,Negeri Sembilan,P.130 Rasah,59395,30989,28406,19374,14059
sla,N.21 Bukit Kepayang,347.0,0.0129369148986216,Negeri Sembilan,P.130 Rasah,87025,44935,42090,30545,24239
sla,N.22 Rahang,157.0,0.0,Negeri Sembilan,P.130 Rasah,14674,7425,7249,4723,4122
sla,N.23 Mambau,204.0,0.0058885383806519,Negeri Sembilan,P.130 Rasah,45035,21932,23103,13091,13433
sla,N.24 Seremban Jaya,197.0,0.0073042401733209,Negeri Sembilan,P.130 Rasah,50456,26254,24202,13938,13817
sla,N.25 Paroi,863.0,0.0032847282331269,Negeri Sembilan,P.131 Rembau,109135,58032,51103,33107,28726
sla,N.26 Chembong,940.0,0.0127913054233379,Negeri Sembilan,P.131 Rembau,33297,16703,16594,10417,8834
sla,N.27 Rantau,231.0,0.0414414188417976,Negeri Sembilan,P.131 Rembau,53778,27864,25914,19831,14676
sla,N.28 Kota,894.0,0.0111801108307997,Negeri Sembilan,P.131 Rembau,13999,7271,6728,5700,3888
sla,N.29 Chuah,272.0,0.0690568443768698,Negeri Sembilan,P.132 Port Dickson,14569,7408,7161,4157,3866
sla,N.30 Lukut,184.0,0.0925109752205825,Negeri Sembilan,P.132 Port Dickson,37369,18691,18678,13995,10155
sla,N.31 Bagan Pinang,103.0,0.0455207554786935,Negeri Sembilan,P.132 Port Dickson,34893,19736,15157,17004,8071
sla,N.32 Linggi,166.0,0.0632292953180945,Negeri Sembilan,P.132 Port Dickson,22466,12061,10405,7474,5117
sla,N.33 Sri Tanjung,85.0,0.1475979305247597,Negeri Sembilan,P.132 Port Dickson,19657,10513,9144,7893,5565
sla,N.34 Gemas,350.0,0.0091546237017885,Negeri Sembilan,P.133 Tampin,28835,16196,12639,8743,7216
sla,N.35 Gemencheh,535.0,0.0288263294410504,Negeri Sembilan,P.133 Tampin,27304,14732,12572,8548,6879
sla,N.36 Repah,818.0,0.0063277272347884,Negeri Sembilan,P.133 Tampin,31984,15873,16111,9795,8138
sla,N.01 Kuala Linggi,67.0,0.3551855251081683,Melaka,P.134 Masjid Tanah,19166,8899,10267,6471,4733
sla,N.02 Tanjung Bidara,106.0,0.0229427297519587,Melaka,P.134 Masjid Tanah,23219,11939,11280,7032,5317
sla,N.03 Ayer Limau,111.0,0.0099013487568977,Melaka,P.134 Masjid Tanah,16385,8425,7960,5655,4392
sla,N.04 Lendu,174.0,0.0030301718540322,Melaka,P.134 Masjid Tanah,19817,10398,9419,6306,5153
sla,N.05 Taboh Naning,312.0,0.0001698822958378,Melaka,P.134 Masjid Tanah,17102,8719,8383,4894,4926
sla,N.06 Rembia,150.0,0.0001428734712538,Melaka,P.135 Alor Gajah,47048,23409,23639,11769,14270
sla,N.07 Gadek,199.0,0.0053902791476477,Melaka,P.135 Alor Gajah,28316,14730,13586,10670,7279
sla,N.08 Machap Jaya,302.0,0.1568986277282978,Melaka,P.135 Alor Gajah,24974,13623,11351,6213,6848
sla,N.09 Durian Tunggal,110.0,0.0378110524614887,Melaka,P.135 Alor Gajah,53329,28619,24710,12927,14640
sla,N.10 Asahan,525.0,0.1430365806256568,Melaka,P.135 Alor Gajah,17406,9488,7918,6534,4945
sla,N.11 Sungai Udang,129.0,0.0544785654491783,Melaka,P.136 Tangga Batu,43219,24758,18461,13747,11222
sla,N.12 Pantai Kundor,75.0,0.0684092396895165,Melaka,P.136 Tangga Batu,25671,13800,11871,8342,6184
sla,N.13 Paya Rumput,114.0,0.1047226225380576,Melaka,P.136 Tangga Batu,90478,47155,43323,29148,24080
sla,N.14 Kelebang,53.0,0.008867406196752,Melaka,P.136 Tangga Batu,38665,20059,18606,12113,10328
sla,N.15 Pengkalan Batu,59.0,0.0040901213171577,Melaka,P.137 Hang Tuah Jaya,31279,16159,15120,10405,8456
sla,N.16 Ayer Keroh,188.0,0.0394678785739498,Melaka,P.137 Hang Tuah Jaya,71392,38003,33389,23554,19155
sla,N.17 Bukit Katil,136.0,4.6382189239332094e-05,Melaka,P.137 Hang Tuah Jaya,50141,25873,24268,15939,13858
sla,N.18 Ayer Molek,67.0,0.0,Melaka,P.137 Hang Tuah Jaya,30881,15888,14993,8002,7755
sla,N.19 Kesidang,74.0,0.0122375740175847,Melaka,P.138 Kota Melaka,84439,44520,39919,26025,23461
sla,N.20 Kota Laksamana,29.0,0.026698477618723,Melaka,P.138 Kota Melaka,35375,18859,16516,16376,9791
sla,N.21 Duyong,56.0,0.0100284591408049,Melaka,P.138 Kota Melaka,36015,17949,18066,10292,9592
sla,N.22 Bandar Hilir,50.0,0.2314787265694733,Melaka,P.138 Kota Melaka,19271,10679,8592,10596,6088
sla,N.23 Telok Mas,85.0,0.471308397175905,Melaka,P.138 Kota Melaka,40309,20723,19586,12129,10185
sla,N.24 Bemban,104.0,0.0121897047295531,Melaka,P.139 Jasin,37611,19700,17911,14194,9932
sla,N.25 Rim,141.0,0.0359384335258471,Melaka,P.139 Jasin,21074,12045,9029,7134,5353
sla,N.26 Serkam,64.0,0.0913570108807226,Melaka,P.139 Jasin,26413,14207,12206,7639,6178
sla,N.27 Merlimau,77.0,0.0036500855213274,Melaka,P.139 Jasin,26936,14574,12362,9817,6921
sla,N.28 Sungai Rambai,61.0,0.032128682547807,Melaka,P.139 Jasin,22497,11742,10755,5830,6032
sla,N.01 Buloh Kasap,290.0,0.0107157583693433,Johor,P.140 Segamat,31956,17744,14212,10819,8782
sla,N.02 Jementah,343.0,0.0065188759642734,Johor,P.140 Segamat,44055,21660,22395,12651,11047
sla,N.03 Pemanis,318.0,0.0005045442395081,Johor,P.141 Sekijang,32708,16761,15947,10146,8516
sla,N.04 Kemelah,253.0,0.0128215916276184,Johor,P.141 Sekijang,46639,24338,22301,15187,12142
sla,N.05 Tenang,990.0,0.0579578456448783,Johor,P.142 Labis,20476,10792,9684,8150,6201
sla,N.06 Bekok,1043.0,0.0070912853728032,Johor,P.142 Labis,21928,11905,10023,8085,6167
sla,N.07 Bukit Kepong,1148.0,0.0342288007215447,Johor,P.143 Pagoh,34670,18766,15904,11545,9097
sla,N.08 Bukit Pasir,248.0,0.1301053910839012,Johor,P.143 Pagoh,60532,34572,25960,14940,14134
sla,N.09 Gambir,1121.0,0.0462818879682689,Johor,P.144 Ledang,39049,20721,18328,9946,9064
sla,N.10 Tangkak,1259.0,0.0083845687843986,Johor,P.144 Ledang,56431,28948,27483,14416,12611
sla,N.11 Serom,112.0,0.2206349517225171,Johor,P.144 Ledang,52099,26630,25469,14539,12637
sla,N.12 Bentayan,29.0,0.951925137509822,Johor,P.145 Bakri,35795,18451,17344,10096,8037
sla,N.13 Simpang Jeram,36.0,0.0001687870540329,Johor,P.145 Bakri,66860,35639,31221,16839,14203
sla,N.14 Bukit Naning,102.0,0.0224019946175288,Johor,P.145 Bakri,32524,21341,11183,6654,5704
sla,N.15 Maharani,139.0,0.06470200856108,Johor,P.146 Muar,59851,30906,28945,15185,13414
sla,N.16 Sungai Balang,233.0,0.2646047979606391,Johor,P.146 Muar,40414,22553,17861,9258,8880
sla,N.17 Semerah,25.0,0.1361701732213218,Johor,P.147 Parit Sulong,46254,24107,22147,12757,10883
sla,N.18 Sri Medan,597.0,0.0021988266169481,Johor,P.147 Parit Sulong,36145,18900,17245,8514,8000
sla,N.19 Yong Peng,402.0,0.3703215734902542,Johor,P.148 Ayer Hitam,42090,22551,19539,13477,10787
sla,N.20 Semarang,101.0,0.0003554256321783,Johor,P.148 Ayer Hitam,29695,15285,14410,8227,7135
sla,N.21 Parit Yaani,225.0,0.0042361579616235,Johor,P.149 Sri Gading,80650,43733,36917,21402,18385
sla,N.22 Parit Raja,287.0,0.0010709329686463,Johor,P.149 Sri Gading,94504,50829,43675,19062,20180
sla,N.23 Penggaram,277.0,0.0449235154877955,Johor,P.150 Batu Pahat,92223,47342,44881,25323,23028
sla,N.24 Senggarang,432.0,0.3462328657755509,Johor,P.150 Batu Pahat,47266,25494,21772,12968,11092
sla,N.25 Rengit,25.0,0.1299646656755034,Johor,P.150 Batu Pahat,26511,13368,13143,7756,6762
sla,N.26 Machap,162.0,0.0816496614272145,Johor,P.151 Simpang Renggam,46807,26325,20482,12208,11331
sla,N.27 Layang-Layang,179.0,0.0032910500641007,Johor,P.151 Simpang Renggam,29479,16722,12757,8942,7305
sla,N.28 Mengkibol,535.0,0.007207666229007,Johor,P.152 Kluang,104148,55942,48206,32139,26798
sla,N.29 Mahkota,272.0,0.0016213869880502,Johor,P.152 Kluang,79707,42867,36840,22911,20507
sla,N.31 Kahang,1001.0,0.0434198640134493,Johor,P.153 Sembrong,31214,17197,14017,9272,7941
sla,N.32 Endau,814.0,0.1186381809373729,Johor,P.154 Mersing,33245,17106,16139,9850,8593
sla,N.33 Tenggaroh,910.0,0.0948897652635083,Johor,P.154 Mersing,44950,24833,20117,11965,12080
sla,N.34 Panti,1006.0,0.640651760752701,Johor,P.155 Tenggara,54133,28000,26133,16017,14306
sla,N.35 Pasir Raja,143.0,0.0368143510820782,Johor,P.155 Tenggara,40041,21079,18962,12936,10359
sla,N.36 Sedili,639.0,0.06456510158782,Johor,P.156 Kota Tinggi,27508,14705,12803,8583,7212
sla,N.37 Johor Lama,188.0,0.9285566629581198,Johor,P.156 Kota Tinggi,29869,15792,14077,8564,7655
sla,N.38 Penawar,160.0,0.414745923295058,Johor,P.157 Pengerang,40534,21398,19136,14309,10322
sla,N.39 Tanjung Surat,194.0,1.1504062339656629,Johor,P.157 Pengerang,30297,17448,12849,9906,7932
sla,N.40 Tiram,120.0,1.3840331461984108,Johor,P.158 Tebrau,203056,110359,92697,60809,52112
sla,N.41 Puteri Wangsa,130.0,0.0222148108405956,Johor,P.158 Tebrau,272211,142974,129237,96268,75608
sla,N.42 Johor Jaya,175.0,0.4179192097086003,Johor,P.159 Pasir Gudang,152873,80836,72037,50988,42144
sla,N.43 Permas,83.0,0.2237876555425302,Johor,P.159 Pasir Gudang,207748,113491,94257,64472,56324
sla,N.44 Larkin,111.0,0.0065671175044953,Johor,P.160 Johor Bahru,99268,51153,48115,34079,27567
sla,N.45 Stulang,73.0,0.3493999900413285,Johor,P.160 Johor Bahru,78555,41086,37469,36746,25893
sla,N.46 Perling,67.0,0.5177465706751992,Johor,P.161 Pulai,189758,98093,91665,73121,51411
sla,N.47 Kempas,99.0,0.0034923492349234,Johor,P.161 Pulai,102118,53777,48341,31762,25976
sla,N.48 Skudai,93.0,0.0385883304681969,Johor,P.162 Iskandar Puteri,137832,72877,64955,43056,35679
sla,N.49 Kota Iskandar,585.0,0.2885020415643881,Johor,P.162 Iskandar Puteri,309865,162935,146930,128007,78707
sla,N.50 Bukit Permai,223.0,0.0031159838430467,Johor,P.163 Kulai,77377,40498,36879,21970,20720
sla,N.51 Bukit Batu,659.0,0.0742931676608431,Johor,P.163 Kulai,81646,42800,38846,24127,20993
sla,N.52 Senai,202.0,0.0118154376886589,Johor,P.163 Kulai,128381,74170,54211,28665,24734
sla,N.53 Benut,39.0,0.0305249927247735,Johor,P.164 Pontian,29033,15108,13925,7602,6892
sla,N.54 Pulai Sebatang,26.0,0.0220266217090431,Johor,P.164 Pontian,52745,27714,25031,14786,13431
sla,N.55 Pekan Nanas,183.0,0.0253961245304051,Johor,P.165 Tanjung Piai,51711,28867,22844,13100,12174
sla,N.56 Kukup,135.0,0.6394512986921927,Johor,P.165 Tanjung Piai,39829,21558,18271,11204,10022
sla,N.01 Banggi,523.0,0.1761491208968316,Sabah,P.167 Kudat,9431,4825,4606,2588,2121
sla,N.02 Bengkoka,672.0,0.0456678154664731,Sabah,P.167 Kudat,18399,9612,8787,5331,4440
sla,N.03 Pitas,643.0,0.1975641530584421,Sabah,P.167 Kudat,19362,9947,9415,5379,4511
sla,N.04 Tanjong Kapor,221.0,0.0765094204967171,Sabah,P.167 Kudat,45362,22946,22416,9717,9163
sla,N.05 Matunggong,537.0,0.0525070738776305,Sabah,P.168 Kota Marudu,34457,17517,16940,8185,7381
sla,N.06 Bandau,2494.0,0.0336450526861009,Sabah,P.168 Kota Marudu,35063,18071,16992,9274,8063
sla,N.07 Tandek,2576.0,0.001570433600032,Sabah,P.168 Kota Marudu,30478,15640,14838,8603,7345
sla,N.08 Pintasan,1070.0,0.0443184221052014,Sabah,P.169 Kota Belud,19371,9600,9771,3818,3898
sla,N.09 Tempasuk,992.0,0.0350943685892207,Sabah,P.169 Kota Belud,20188,10020,10168,3978,3923
sla,N.10 Usukan,479.0,0.2035869041887337,Sabah,P.169 Kota Belud,34458,17465,16993,7026,6248
sla,N.11 Kadamaian,4068.0,0.0094656845551268,Sabah,P.169 Kota Belud,33226,16860,16366,6571,6754
sla,N.12 Sulaman,398.0,0.4282364072584733,Sabah,P.170 Tuaran,30088,15215,14873,7946,6312
sla,N.13 Pantai Dalit,179.0,1.93093217635424,Sabah,P.170 Tuaran,46821,23643,23178,11661,9998
sla,N.14 Tamparuli,851.0,0.0413509549452236,Sabah,P.170 Tuaran,40502,20634,19868,10081,8893
sla,N.15 Kiulu,2103.0,0.0021782447242097,Sabah,P.170 Tuaran,17565,9048,8517,4336,3933
sla,N.16 Karambunai,819.0,0.3130439305155854,Sabah,P.171 Sepanggar,164076,82966,81110,35463,37019
sla,N.17 Darau,80.0,0.3071226681741096,Sabah,P.171 Sepanggar,64825,33856,30969,14280,14202
sla,N.18 Inanam,1140.0,0.0032071040919084,Sabah,P.171 Sepanggar,107352,54678,52674,26918,25052
sla,N.19 Likas,133.0,0.1572833476338195,Sabah,P.172 Kota Kinabalu,38800,20121,18679,9494,9665
sla,N.20 Api-Api,85.0,0.0549147873988638,Sabah,P.172 Kota Kinabalu,21005,11475,9530,4313,5445
sla,N.21 Luyang,107.0,0.001591723040191,Sabah,P.172 Kota Kinabalu,54397,27585,26812,12169,11990
sla,N.22 Tanjong Aru,93.0,0.3540417060159779,Sabah,P.173 Putatan,37233,18804,18429,7844,7784
sla,N.23 Petagas,173.0,0.0414108094392286,Sabah,P.173 Putatan,35844,18282,17562,9160,8369
sla,N.24 Tanjung Keramat,161.0,0.2869450347481477,Sabah,P.173 Putatan,42126,21999,20127,10158,9278
sla,N.25 Kapayan,126.0,0.0076064286590602,Sabah,P.174 Penampang,118966,61036,57930,31552,30836
sla,N.26 Moyog,1772.0,0.0182949921828722,Sabah,P.174 Penampang,59533,33821,25712,16288,13754
sla,N.27 Limbahau,1659.0,0.015126678831025,Sabah,P.175 Papar,30815,16165,14650,6928,6280
sla,N.28 Kawang,267.0,0.1051664086687306,Sabah,P.175 Papar,51590,27085,24505,13757,11177
sla,N.29 Pantai Manis,130.0,0.2106531001132543,Sabah,P.175 Papar,24360,12934,11426,5493,4941
sla,N.30 Bongawan,1464.0,0.012591087501122,Sabah,P.176 Kimanis,31844,16474,15370,6564,6197
sla,N.31 Membakut,957.0,0.0307600610212392,Sabah,P.176 Kimanis,18564,9512,9052,3953,4222
sla,N.32 Klias,1123.0,0.0408728621142933,Sabah,P.177 Beaufort,28397,14527,13870,7121,5826
sla,N.33 Kuala Penyu,138.0,0.3192852188116139,Sabah,P.177 Beaufort,23710,11863,11847,6204,5333
sla,N.34 Lumadan,1014.0,0.0987404035455533,Sabah,P.178 Sipitang,28755,14718,14037,6832,6456
sla,N.35 Sindumin,2091.0,0.0032032826073786,Sabah,P.178 Sipitang,37828,19671,18157,9007,8226
sla,N.36 Kundasang,3881.0,0.0093786557260126,Sabah,P.179 Ranau,31177,16309,14868,6957,6372
sla,N.37 Karanaan,2045.0,0.0001403109124748,Sabah,P.179 Ranau,21115,11005,10110,4317,3867
sla,N.38 Paginatan,2608.0,0.0041868517632693,Sabah,P.179 Ranau,33792,17345,16447,6860,6526
sla,N.39 Tambunan,3029.0,6.116555567283465e-05,Sabah,P.180 Keningau,32007,16272,15735,7465,7337
sla,N.40 Bingkor,1928.0,0.0032222732163724,Sabah,P.180 Keningau,38299,19512,18787,9142,8644
sla,N.41 Liawan,1682.0,0.0023501055633142,Sabah,P.180 Keningau,59576,30611,28965,15608,14385
sla,N.42 Melalap,1510.0,0.0377323600856374,Sabah,P.181 Tenom,25084,12998,12086,6540,5555
sla,N.43 Kemabong,2003.0,0.0117870478963616,Sabah,P.181 Tenom,25146,12808,12338,5698,5117
sla,N.44 Tulid,2764.0,0.0008545935167288,Sabah,P.182 Pensiangan,19915,10377,9538,4362,4145
sla,N.45 Sook,1449.0,0.0011741510887628,Sabah,P.182 Pensiangan,33311,17552,15759,8175,7465
sla,N.46 Nabawan,1982.0,0.0030376117630211,Sabah,P.182 Pensiangan,29273,15547,13726,6220,5456
sla,N.47 Telupid,1764.0,0.0234097682987104,Sabah,P.183 Beluran,34181,18539,15642,10503,9061
sla,N.48 Sugut,1327.0,0.0977260889099176,Sabah,P.183 Beluran,38436,21542,16894,12086,10000
sla,N.49 Labuk,183.0,0.4769524751829341,Sabah,P.183 Beluran,28449,14631,13818,7638,7153
sla,N.50 Gum-Gum,151.0,0.177314173961448,Sabah,P.184 Libaran,72785,37636,35149,14905,13980
sla,N.51 Sungai Manila,60.0,0.1346060103026231,Sabah,P.184 Libaran,23016,11626,11390,4149,3954
sla,N.52 Sungai Sibuga,46.0,0.3136969149613087,Sabah,P.184 Libaran,75651,37953,37698,17396,15385
sla,N.53 Sekong,246.0,0.1364155399492999,Sabah,P.185 Batu Sapi,88546,46727,41819,16618,16216
sla,N.54 Karamunting,238.0,0.095028767211843,Sabah,P.185 Batu Sapi,31152,15781,15371,5255,5057
sla,N.55 Elopura,219.0,0.1699519426570009,Sabah,P.186 Sandakan,101443,51951,49492,19464,18899
sla,N.56 Tanjong Papat,175.0,0.477859778597786,Sabah,P.186 Sandakan,20229,10394,9835,3535,3688
sla,N.57 Kuamut,1827.0,0.009076921667357,Sabah,P.187 Kinabatangan,46527,25350,21177,12275,11347
sla,N.58 Lamag,564.0,0.0345021561167169,Sabah,P.187 Kinabatangan,56395,31278,25117,12539,11994
sla,N.59 Sukau,277.0,0.1475442557916141,Sabah,P.187 Kinabatangan,113165,62261,50904,25557,25047
sla,N.60 Tungku,802.0,0.0788186110642365,Sabah,P.188 Lahad Datu,79995,43316,36679,18147,17699
sla,N.61 Segama,425.0,0.0105651133621864,Sabah,P.188 Lahad Datu,105705,55966,49739,22507,22519
sla,N.62 Silam,1194.0,0.0087702538891338,Sabah,P.188 Lahad Datu,45375,23583,21792,9423,9475
sla,N.63 Kunak,735.0,0.0177043853394875,Sabah,P.188 Lahad Datu,68475,36978,31497,13283,11785
sla,N.64 Sulabayan,589.0,0.165687957950479,Sabah,P.189 Semporna,33882,17670,16212,6032,5416
sla,N.65 Senallang,530.0,0.2125733384938343,Sabah,P.189 Semporna,57231,28893,28338,11258,10320
sla,N.66 Bugaya,601.0,0.1049291023079144,Sabah,P.189 Semporna,75474,38838,36636,14263,13306
sla,N.67 Balung,1213.0,0.0024929128652866,Sabah,P.190 Tawau,70671,37253,33418,15663,14983
sla,N.68 Apas,382.0,0.2480036552060726,Sabah,P.190 Tawau,98982,52189,46793,18814,18304
sla,N.69 Sri Tanjong,92.0,0.0515656013286345,Sabah,P.190 Tawau,60878,31236,29642,13130,12407
sla,N.70 Kukusan,179.0,0.0537117500231117,Sabah,P.191 Kalabakan,29893,15209,14684,6352,6047
sla,N.71 Tanjung Batu,151.0,0.4110242755377273,Sabah,P.191 Kalabakan,41931,21074,20857,8235,7963
sla,N.72 Merotai,1300.0,0.0702773897018158,Sabah,P.191 Kalabakan,64425,34225,30200,14905,13601
sla,N.73 Sebatik,1485.0,0.1884774351214975,Sabah,P.191 Kalabakan,52407,28756,23651,13755,12691
sla,N.01 Opar,1577.0,0.0210326731772912,Sarawak,P.192 Mas Gading,21764,11797,9967,6868,5421
sla,N.02 Tasik Biru,626.0,0.0022265472641496,Sarawak,P.192 Mas Gading,29670,15396,14274,9045,6570
sla,N.03 Tanjong Datu,894.0,0.5438734417283099,Sarawak,P.193 Santubong,16026,8360,7666,5821,4278
sla,N.04 Pantai Damai,838.0,1.8568135638110768,Sarawak,P.193 Santubong,56047,28311,27736,15249,11889
sla,N.05 Demak Laut,302.0,1.530780482708181,Sarawak,P.193 Santubong,45678,23018,22660,12264,10716
sla,N.06 Tupong,896.0,0.1297737161887581,Sarawak,P.194 Petra Jaya,91272,45677,45595,27301,21230
sla,N.07 Samariang,76.0,0.4555943398198273,Sarawak,P.194 Petra Jaya,45085,22374,22711,10928,9264
sla,N.08 Satok,26.0,1.805825242718447,Sarawak,P.194 Petra Jaya,14456,7165,7291,3989,3639
sla,N.09 Padungan,57.0,0.4189733266230498,Sarawak,P.195 Bandar Kuching,14179,7219,6960,5417,4463
sla,N.10 Pending,53.0,1.3519974834853727,Sarawak,P.195 Bandar Kuching,37057,19036,18021,11752,9226
sla,N.11 Batu Lintang,41.0,0.0373868172524583,Sarawak,P.195 Bandar Kuching,65044,32228,32816,18643,16532
sla,N.12 Kota Sentosa,52.0,0.0063255439161966,Sarawak,P.196 Stampin,66413,33904,32509,22225,17389
sla,N.13 Batu Kitang,100.0,0.0836232655233105,Sarawak,P.196 Stampin,59031,29793,29238,18828,14091
sla,N.14 Batu Kawah,84.0,0.1202242016246778,Sarawak,P.196 Stampin,86773,44021,42752,25681,18707
sla,N.15 Asajaya,31.0,0.5206308179281153,Sarawak,P.197 Kota Samarahan,20017,10233,9784,4452,4704
sla,N.16 Muara Tuang,72.0,0.1496881282540337,Sarawak,P.197 Kota Samarahan,65026,29858,35168,16896,18837
sla,N.17 Stakan,177.0,0.2471793762171184,Sarawak,P.197 Kota Samarahan,73478,37400,36078,27904,20412
sla,N.18 Serembu,1098.0,0.0054516690525767,Sarawak,P.198 Puncak Borneo,16746,8732,8014,4427,3425
sla,N.19 Mambong,1242.0,0.1286770465528253,Sarawak,P.198 Puncak Borneo,38228,20142,18086,12976,8558
sla,N.20 Tarat,828.0,0.0017239782366421,Sarawak,P.198 Puncak Borneo,25806,13223,12583,8664,6516
sla,N.21 Tebedu,891.0,0.0002011700264761,Sarawak,P.199 Serian,21956,11096,10860,6134,4985
sla,N.22 Kedup,818.0,0.0002552513452261,Sarawak,P.199 Serian,18030,9408,8622,5338,4475
sla,N.23 Bukit Semuja,828.0,0.0026252832185384,Sarawak,P.199 Serian,21758,11066,10692,7420,5251
sla,N.24 Sadong Jaya,24.0,1.7606125630073484,Sarawak,P.200 Batang Sadong,10954,5563,5391,2545,2704
sla,N.25 Simunjan,310.0,0.7445515906685861,Sarawak,P.200 Batang Sadong,12293,6381,5912,3678,2934
sla,N.26 Gedong,540.0,0.2334367578660869,Sarawak,P.200 Batang Sadong,10447,5700,4747,3438,2670
sla,N.27 Sebuyau,386.0,1.262672219447713,Sarawak,P.201 Batang Lupar,11822,6135,5687,3459,2741
sla,N.28 Lingga,251.0,1.9725439013390829,Sarawak,P.201 Batang Lupar,10748,5483,5265,2951,2294
sla,N.29 Beting Maro,85.0,1.4920612156147932,Sarawak,P.201 Batang Lupar,15769,8041,7728,4433,3794
sla,N.30 Balai Ringin,820.0,0.0023356277820029,Sarawak,P.202 Sri Aman,15165,8091,7074,5507,3928
sla,N.31 Bukit Begunan,840.0,0.1149898322372416,Sarawak,P.202 Sri Aman,18672,10196,8476,5542,4228
sla,N.32 Simanggang,836.0,0.0319627666132412,Sarawak,P.202 Sri Aman,29026,14517,14509,8587,6280
sla,N.33 Engkilili,1293.0,0.0182528119777571,Sarawak,P.203 Lubok Antu,12597,6448,6149,4419,3443
sla,N.34 Batang Ai,1295.0,0.371982782269156,Sarawak,P.203 Lubok Antu,14183,7184,6999,4566,3628
sla,N.35 Saribas,77.0,0.9738497922520314,Sarawak,P.204 Betong,11477,5748,5729,3517,2519
sla,N.36 Layar,632.0,0.0116195223651312,Sarawak,P.204 Betong,12689,6922,5767,4747,3220
sla,N.37 Bukit Saban,519.0,0.0301204901117682,Sarawak,P.204 Betong,10464,5360,5104,3198,2572
sla,N.38 Kalaka,109.0,0.5198529411764706,Sarawak,P.205 Saratok,12768,6409,6359,4224,3062
sla,N.39 Krian,388.0,0.0016754720899914,Sarawak,P.205 Saratok,15484,7625,7859,4952,3665
sla,N.40 Kabong,107.0,0.9737081834029672,Sarawak,P.205 Saratok,13087,6532,6555,3872,2945
sla,N.41 Kuala Rajang,196.0,2.491806572756941,Sarawak,P.206 Tanjong Manis,18733,9505,9228,7877,5226
sla,N.42 Semop,41.0,1.3603158282483705,Sarawak,P.206 Tanjong Manis,14035,7486,6549,4749,3896
sla,N.43 Daro,45.0,0.9816597154143778,Sarawak,P.207 Igan,14409,7967,6442,5697,4445
sla,N.44 Jemoreng,35.0,0.5841340102374759,Sarawak,P.207 Igan,12979,6715,6264,4529,4003
sla,N.45 Repok,98.0,0.2339735814938143,Sarawak,P.208 Sarikei,24175,12109,12066,9393,6577
sla,N.46 Meradong,206.0,0.2097969221758706,Sarawak,P.208 Sarikei,18944,9587,9357,6910,4782
sla,N.47 Pakan,506.0,0.008796222461691,Sarawak,P.209 Julau,17175,8926,8249,5201,3904
sla,N.48 Meluan,881.0,0.0018958071410861,Sarawak,P.209 Julau,17951,9031,8920,6269,4438
sla,N.49 Ngemah,965.0,0.1293336282136185,Sarawak,P.210 Kanowit,10159,5110,5049,4222,2846
sla,N.50 Machan,358.0,0.0870964874358076,Sarawak,P.210 Kanowit,14541,7239,7302,5522,3874
sla,N.51 Bukit Assek,44.0,0.974671669793621,Sarawak,P.211 Lanang,37666,18811,18855,12839,10334
sla,N.52 Dudong,131.0,0.4245895893307591,Sarawak,P.211 Lanang,67264,34169,33095,22274,16789
sla,N.53 Bawang Assan,67.0,0.4234559123699618,Sarawak,P.212 Sibu,26642,16065,10577,10938,7856
sla,N.54 Pelawan,29.0,0.7510315631531,Sarawak,P.212 Sibu,41978,20824,21154,13175,11700
sla,N.55 Nangka,272.0,0.0461684212245698,Sarawak,P.212 Sibu,72954,37144,35810,25075,19390
sla,N.56 Dalat,44.0,0.1546516041765797,Sarawak,P.213 Mukah,16729,8441,8288,4566,4327
sla,N.57 Tellian,148.0,0.0401210748775262,Sarawak,P.213 Mukah,26962,13921,13041,8883,7396
sla,N.58 Balingian,67.0,0.1112854986743914,Sarawak,P.213 Mukah,17114,9252,7862,5765,4797
sla,N.59 Tamin,967.0,0.001005657125573,Sarawak,P.214 Selangau,16815,8660,8155,6486,4846
sla,N.60 Kakus,1079.0,0.0160031066249018,Sarawak,P.214 Selangau,34520,19061,15459,9940,8635
sla,N.61 Pelagus,1030.0,0.0931680754562354,Sarawak,P.215 Kapit,11877,5921,5956,4074,3067
sla,N.62 Katibas,1286.0,0.0314383743412821,Sarawak,P.215 Kapit,9534,4674,4860,4671,2809
sla,N.63 Bukit Goram,1037.0,0.1482171141248787,Sarawak,P.215 Kapit,22570,11242,11328,6965,5302
sla,N.64 Baleh,1952.0,0.012268699739871,Sarawak,P.216 Hulu Rajang,9384,5732,3652,4141,3351
sla,N.65 Belaga,2065.0,0.5150143715012386,Sarawak,P.216 Hulu Rajang,13076,7476,5600,5432,4421
sla,N.66 Murum,1925.0,0.3988358695713979,Sarawak,P.216 Hulu Rajang,20934,12125,8809,7510,6305
sla,N.67 Jepak,329.0,0.1790409000824315,Sarawak,P.217 Bintulu,35299,18976,16323,8516,7881
sla,N.68 Tanjong Batu,179.0,1.2747832001360313,Sarawak,P.217 Bintulu,73917,38511,35406,19297,17963
sla,N.69 Kemena,927.0,0.0141669784278613,Sarawak,P.217 Bintulu,47149,26755,20394,16096,14118
sla,N.70 Samalaju,287.0,0.3819877445162185,Sarawak,P.217 Bintulu,78734,44760,33974,22451,19735
sla,N.71 Bekenu,393.0,0.2060619488115424,Sarawak,P.218 Sibuti,22108,11763,10345,7481,6097
sla,N.72 Lambir,455.0,0.2485709941658614,Sarawak,P.218 Sibuti,48876,25409,23467,15108,12041
sla,N.73 Piasau,75.0,6.667174192320503,Sarawak,P.219 Miri,34612,17614,16998,13526,9217
sla,N.74 Pujut,22.0,0.5531327311432024,Sarawak,P.219 Miri,39178,20475,18703,11449,9483
sla,N.75 Senadin,110.0,0.3938683655600103,Sarawak,P.219 Miri,132335,70390,61945,43237,32806
sla,N.76 Marudi,1001.0,0.1359105401965543,Sarawak,P.220 Baram,32902,17726,15176,11383,8802
sla,N.77 Telang Usan,2004.0,0.039621188189057,Sarawak,P.220 Baram,15942,8558,7384,6776,4029
sla,N.78 Mulu,2380.0,0.0262941057823492,Sarawak,P.220 Baram,14655,7724,6931,5031,3714
sla,N.79 Bukit Kota,410.0,0.2101171808623838,Sarawak,P.221 Limbang,31733,16156,15577,9407,7797
sla,N.80 Batu Danau,2426.0,0.0188946422513418,Sarawak,P.221 Limbang,13328,7035,6293,4442,3272
sla,N.81 Ba`Kelalan,2240.0,0.0076121008996693,Sarawak,P.222 Lawas,9662,5008,4654,3091,2465
sla,N.82 Bukit Sari,442.0,0.5248597404294987,Sarawak,P.222 Lawas,26942,13716,13226,6811,6167
